peptide,allele,prediction,prediction_low,prediction_high,prediction_percentile
QEKNEQELL,HLA-B*40:01,41.15681520702627,29.878334986165264,48.46065732883665,0.049375
MEKGEIKNCSF,HLA-B*44:02,62.284984301137165,53.40732666682068,94.39236718600245,0.135125
QEKNEQELL,HLA-B*44:02,66.53586969338211,50.90024382656043,86.67200007337316,0.1545
MEKGEIKNCSF,HLA-B*44:03,67.9347292740672,55.125588300614666,119.87412749427394,0.17975
QEKNEQELL,HLA-B*44:03,72.4839569262809,52.00089651051359,104.83570346107761,0.201625
CTTAVPWNA,HLA-A*68:02,152.7028784890439,53.40656720698483,411.6342287841658,0.4417499999999997
GEIKNCSF,HLA-B*44:03,183.03399019393507,133.16397449456923,383.5245927957989,0.5046249999999998
GEIKNCSF,HLA-B*44:02,185.22570148750998,136.28921193497257,338.44942837412344,0.5168749999999998
QEKNEQEL,HLA-B*40:01,195.62752975846664,130.00661359126835,402.14266528712415,0.4752499999999994
LLGIWGCSGK,HLA-A*03:01,198.8500657320826,79.42297020988808,503.71362088415924,0.6472499999999998
QQEKNEQEL,HLA-C*05:01,235.78414717268828,127.79569275963874,427.89093975699046,0.8739999999999991
QLLGIWGCSGK,HLA-A*03:01,240.82647970696854,119.25225015398372,670.1447902367618,0.7157499999999999
LGIWGCSGK,HLA-A*11:01,260.91040811925836,142.54800924486727,516.9260019000253,0.9034999999999996
QLLGIWGCSGK,HLA-A*11:01,301.3080892832928,153.33169558791565,931.4955793523072,0.9766249999999994
MEKGEIKNC,HLA-B*44:02,306.39813597948296,177.2239810937096,496.64505661728293,0.6787499999999994
LLGIWGCSGK,HLA-A*11:01,334.3867294985766,113.82191008601487,658.8416421770452,1.0211249999999994
QEKNEQEL,HLA-B*44:02,351.9662818637487,214.08036069862166,564.8274926647737,0.7238749999999993
QLLGIWGCSGK,HLA-A*68:01,352.2608402498633,151.6081695582395,692.3417955635277,1.3173749999999995
MEKGEIKNCSF,HLA-B*40:01,371.5067933041836,210.78357645771874,630.185017054982,0.6139999999999992
QQEKNEQEL,HLA-B*40:01,382.8569340700447,118.81408814549181,1147.2458950539437,0.6221249999999993
LGIWGCSGK,HLA-A*68:01,440.0401740949344,212.35113433722165,1055.4498840332944,1.4580000000000002
