peptide,allele,prediction,prediction_low,prediction_high,prediction_percentile
TAVPWNASW,HLA-B*58:01,25.33970495757256,16.695907903198563,31.645294117498516,0.005
TAVPWNASW,HLA-B*53:01,29.691017140500044,19.469734476312155,43.36611195949026,0.001625
TAVPWNASW,HLA-B*57:01,33.13105375637125,23.0824615535337,42.46979510489566,0.01575
TAVPWNASW,HLA-A*32:01,65.51722607822575,48.791467798414494,101.21162033409357,0.213
TAVPWNASW,HLA-B*35:01,116.22118767393974,66.55091120248115,198.53521624588188,0.3465
ARQLLSGIV,HLA-C*07:01,233.8465531974591,134.00597751385158,384.6047355301458,0.9365
TAVPWNASW,HLA-C*03:04,334.3581787865847,153.66401707323223,628.0227217283616,1.33225
ARQLLSGIV,HLA-C*06:02,369.88477530058066,253.80106336909947,654.720230086362,1.2680000000000002
