peptide,allele,prediction,prediction_low,prediction_high,prediction_percentile
DTNTNSSSGR,HLA-A*68:01,33.0501223900796,22.37472296201808,61.25439549477626,0.118
SSSGRMIMEK,HLA-A*11:01,37.780131341831726,20.621348995920282,57.46691445500546,0.122125
SSGRMIMEK,HLA-A*11:01,39.80543118352761,22.79877698918613,52.68783022235391,0.138125
MIMEKGEIK,HLA-A*11:01,53.90947654599265,39.882294609637796,86.55086132018207,0.253125
RMIMEKGEIK,HLA-A*03:01,67.32861537658252,51.81479113725621,95.02896865075883,0.260875
SSGRMIMEK,HLA-A*03:01,88.33531408730961,60.46464699440533,127.62241406071084,0.3566249999999999
SSSGRMIMEK,HLA-A*03:01,90.3120752590182,47.29811251492429,149.03199279314248,0.3645
MIMEKGEIK,HLA-A*03:01,92.01775971861915,63.55172724613026,131.23119189956526,0.3725
MIMEKGEIK,HLA-A*68:01,108.49856672964509,69.10112729153524,220.86950603087442,0.6899999999999994
MIMEKGEIK,HLA-A*30:01,125.15480678005817,61.069090818892114,277.8201980958451,0.30225
NSSSGRMIM,HLA-C*03:04,138.84583364588076,88.3503264947836,277.5069683349296,0.7324999999999998
SSGRMIMEK,HLA-A*30:01,163.74786638415975,107.34540538559838,372.2111843647202,0.388875
SSSGRMIMEK,HLA-A*68:01,166.4904409835465,96.98789885659728,363.62031049936735,0.9096249999999988
RMIMEKGEIK,HLA-A*11:01,178.26713719192074,89.19246281894173,354.79454639900126,0.7377499999999999
RMIMEKGEIK,HLA-A*30:01,253.78136950562154,122.83522303139442,591.4804513040899,0.5418749999999999
SSGRMIMEK,HLA-A*68:01,272.1831938603112,128.6129416708706,530.7230482220125,1.1717499999999992
NSSSGRMIMEK,HLA-A*11:01,277.0295070025466,112.76773430836795,848.4250142681243,0.9341249999999997
NSSSGRMIMEK,HLA-A*68:01,298.20621518916147,132.90337770786024,925.0129676900779,1.2262499999999992
SSSGRMIMEK,HLA-A*30:01,307.60724217894807,181.96627291922252,814.4594607338594,0.6091249999999999
GRMIMEKGEI,HLA-C*07:01,325.3331514006035,165.73093302292094,633.1687214358253,1.1947500000000002
TNTNSSSGR,HLA-A*68:01,376.8057748466656,184.85371733219466,635.4461582099485,1.3564999999999996
MIMEKGEIK,HLA-A*31:01,498.69257744428836,165.22900478728144,1024.1103490225464,1.168874999999999
