peptide,allele,prediction,prediction_low,prediction_high,prediction_percentile
FAVLSIVNR,HLA-A*68:01,31.31815017775546,20.007650298464775,42.86331305405684,0.100875
TTLFCASDAK,HLA-A*11:01,44.20695301072741,23.617036268254704,66.6328558971389,0.175625
TTLFCASDAK,HLA-A*68:01,49.84720401457168,23.49950088653268,86.20352448923852,0.3108749999999998
TLFCASDAK,HLA-A*11:01,53.65792666079055,28.49115297669394,84.6718015788343,0.248625
YDTEVHNVW,HLA-B*44:02,74.32558070335054,50.871064930953324,108.84194582592025,0.190375
NVWATHACV,HLA-A*68:02,74.64815035332475,35.102514596604976,160.8750579077032,0.2539999999999999
YDTEVHNVW,HLA-B*44:03,82.23646213190813,54.92651644885985,125.51321056152,0.2463749999999999
TLFCASDAK,HLA-A*03:01,89.73115977882068,62.586276896710494,134.18108705710944,0.3645
YDTEVHNVW,HLA-B*57:01,104.58448410727483,58.97579555745542,185.7315188934526,0.5093749999999997
YDTEVHNVW,HLA-B*53:01,132.8244702593891,67.99892842680126,363.07764432317265,0.2154999999999999
EVHNVWATH,HLA-A*68:01,133.06979464029882,70.31791509381675,217.05806481743875,0.7938749999999991
YDTEVHNVW,HLA-B*58:01,137.55388990666572,85.05384902719982,272.259113866465,0.3362499999999997
EVHNVWATH,HLA-A*26:01,150.54130674091311,68.93770877671663,348.40355790168576,0.085625
NVWATHACV,HLA-A*02:06,185.80234030152963,88.3171971957867,406.1690438292487,0.9659999999999996
QEKNEQEL,HLA-B*40:01,195.62752975846664,130.00661359126835,402.14266528712415,0.4752499999999994
FAVLSIVNR,HLA-A*31:01,198.76742568473747,108.19304989654145,306.7646738185127,0.7456249999999995
TLFCASDAK,HLA-A*68:01,216.51604373088404,58.20943885380321,732.8407418149495,1.045999999999999
QQEKNEQEL,HLA-C*05:01,235.78414717268828,127.79569275963874,427.89093975699046,0.8739999999999991
NVWATHACV,HLA-A*02:03,259.90852719087115,111.77987133303193,580.2652150734222,1.1931249999999989
TTLFCASDAK,HLA-A*03:01,295.0601017614637,90.4451683796117,932.2818910541538,0.7926249999999997
QEKNEQEL,HLA-B*44:02,351.9662818637487,214.08036069862166,564.8274926647737,0.7238749999999993
QQEKNEQEL,HLA-B*40:01,382.8569340700447,118.81408814549181,1147.2458950539437,0.6221249999999993
EESQNQQEK,HLA-B*44:02,419.1230264063835,264.0115706976248,885.8211438399542,0.7828749999999991
DTEVHNVW,HLA-B*57:01,483.3324302904755,264.5656181201408,971.373028784511,1.5005000000000004
